<?xml version="1.0" encoding="UTF-8"?>
<root>
  <item name="com.itheima.roundedimageview.Corner">
    <annotation name="android.support.annotation.IntDef">
      <val name="value" val="{com.itheima.roundedimageview.Corner.TOP_LEFT, com.itheima.roundedimageview.Corner.TOP_RIGHT, com.itheima.roundedimageview.Corner.BOTTOM_LEFT, com.itheima.roundedimageview.Corner.BOTTOM_RIGHT}" />
    </annotation>
  </item>
  <item name="com.itheima.roundedimageview.RoundedDrawable com.itheima.roundedimageview.RoundedDrawable setCornerRadius(int, float) 0">
    <annotation name="android.support.annotation.IntDef">
      <val name="value" val="{com.itheima.roundedimageview.Corner.TOP_LEFT, com.itheima.roundedimageview.Corner.TOP_RIGHT, com.itheima.roundedimageview.Corner.BOTTOM_LEFT, com.itheima.roundedimageview.Corner.BOTTOM_RIGHT}" />
    </annotation>
  </item>
  <item name="com.itheima.roundedimageview.RoundedDrawable float getCornerRadius(int) 0">
    <annotation name="android.support.annotation.IntDef">
      <val name="value" val="{com.itheima.roundedimageview.Corner.TOP_LEFT, com.itheima.roundedimageview.Corner.TOP_RIGHT, com.itheima.roundedimageview.Corner.BOTTOM_LEFT, com.itheima.roundedimageview.Corner.BOTTOM_RIGHT}" />
    </annotation>
  </item>
  <item name="com.itheima.roundedimageview.RoundedImageView float getCornerRadius(int) 0">
    <annotation name="android.support.annotation.IntDef">
      <val name="value" val="{com.itheima.roundedimageview.Corner.TOP_LEFT, com.itheima.roundedimageview.Corner.TOP_RIGHT, com.itheima.roundedimageview.Corner.BOTTOM_LEFT, com.itheima.roundedimageview.Corner.BOTTOM_RIGHT}" />
    </annotation>
  </item>
  <item name="com.itheima.roundedimageview.RoundedImageView void setCornerRadius(int, float) 0">
    <annotation name="android.support.annotation.IntDef">
      <val name="value" val="{com.itheima.roundedimageview.Corner.TOP_LEFT, com.itheima.roundedimageview.Corner.TOP_RIGHT, com.itheima.roundedimageview.Corner.BOTTOM_LEFT, com.itheima.roundedimageview.Corner.BOTTOM_RIGHT}" />
    </annotation>
  </item>
  <item name="com.itheima.roundedimageview.RoundedImageView void setCornerRadiusDimen(int, int) 0">
    <annotation name="android.support.annotation.IntDef">
      <val name="value" val="{com.itheima.roundedimageview.Corner.TOP_LEFT, com.itheima.roundedimageview.Corner.TOP_RIGHT, com.itheima.roundedimageview.Corner.BOTTOM_LEFT, com.itheima.roundedimageview.Corner.BOTTOM_RIGHT}" />
    </annotation>
  </item>
</root>

